Weighting_Scheme,Weighted_MAE,Weighted_RMSE,Weighted_sMAPE,Weighted_Bias,Normalized_RMSE,CV_RMSE
Equal (Standard),1.4655172413793105,1.8453109260482645,29.455976173462194,0.6379310344827587,0.711373534833242,39.493739376678725
Recency 0.90,1.4170892559992871,1.7639631936329607,33.60511856071069,1.005027434225786,0.6800137118667844,37.752717797310595
Recency 0.95,1.4218827418779487,1.785595402834305,31.50752548897518,0.8398521135828115,0.6883530008768849,38.21569496840948
Magnitude Linear,1.5904059040590406,1.9763360187580932,26.986178398764533,0.003690036900369023,0.761884146371455,42.29796645312524
Magnitude Squared,1.8188952610926656,2.2134102712048027,24.660802505134104,-0.8578327799577424,0.8532770637385704,47.371880343128616
Inverse Variance,2.1666666644782446,2.466441429071723,50.50505044820881,2.16666666383268,0.9508214215234173,52.7873073380664
