Metric,Value,Unit,Recommended
MAE,1.4655172413793103,$/MMBtu,✓
RMSE,1.8453109260482645,$/MMBtu,✓
Bias,0.6379310344827587,$/MMBtu,✓
MAPE,36.48721245817435,%,⚠️
sMAPE,29.455976173462183,%,✓✓
WAPE,31.365313653136532,%,✓✓
MPE,25.313802618702802,%,
MASE,1.2142857142857142,ratio,✓
RMSSE,1.0276914578901202,ratio,✓
R²,0.4939476939388584,ratio,✓
RMSLE,0.30096767803831354,ratio,✓
Dir_Accuracy,53.57142857142857,%,✓
